,week,label,split,Engineering,model,nFeatures,F1,Accuracy,truePos,trueNeg,falsePos,falseNeg,predictions,randomSeed
0,2,phq9,5,PCA,XG,1,0.7151515151515152,0.5765765765765766,59,5,20,27,0,0
1,2,phq9,5,PCA,XG,2,0.7469879518072289,0.6216216216216216,62,7,18,24,0,0
2,2,phq9,5,PCA,XG,3,0.7630057803468209,0.6306306306306306,66,4,21,20,0,0
3,2,phq9,5,PCA,XG,4,0.8,0.6846846846846847,70,6,19,16,1,0
4,2,phq9,5,PCA,XG,1,0.7590361445783131,0.6396396396396397,63,8,17,23,1,1
5,2,phq9,5,PCA,XG,2,0.7692307692307692,0.6486486486486487,65,7,18,21,1,1
6,2,phq9,5,PCA,XG,3,0.755813953488372,0.6216216216216216,65,4,21,21,1,1
7,2,phq9,5,PCA,XG,4,0.7692307692307692,0.6486486486486487,65,7,18,21,1,1
8,2,phq9,5,PCA,XG,1,0.7647058823529412,0.6396396396396397,65,6,19,21,1,2
9,2,phq9,5,PCA,XG,2,0.7441860465116278,0.6036036036036037,64,3,22,22,1,2
10,2,phq9,5,PCA,XG,3,0.7840909090909092,0.6576576576576577,69,4,21,17,1,2
11,2,phq9,5,PCA,XG,4,0.7752808988764044,0.6396396396396397,69,2,23,17,1,2
12,2,phq9,5,PCA,XG,1,0.7484662576687118,0.6306306306306306,61,9,16,25,0,3
13,2,phq9,5,PCA,XG,2,0.7647058823529412,0.6396396396396397,65,6,19,21,1,3
14,2,phq9,5,PCA,XG,3,0.8295454545454545,0.7297297297297297,73,8,17,13,1,3
15,2,phq9,5,PCA,XG,4,0.7745664739884394,0.6486486486486487,67,5,20,19,1,3
16,2,phq9,5,PCA,XG,1,0.7407407407407408,0.6216216216216216,60,9,16,26,1,4
17,2,phq9,5,PCA,XG,2,0.7764705882352941,0.6576576576576577,66,7,18,20,1,4
18,2,phq9,5,PCA,XG,3,0.7790697674418605,0.6576576576576577,67,6,19,19,0,4
19,2,phq9,5,PCA,XG,4,0.8,0.6846846846846847,70,6,19,16,1,4
20,2,phq9,5,PCA,XG,1,0.7407407407407408,0.6216216216216216,60,9,16,26,0,5
21,2,phq9,5,PCA,XG,2,0.7441860465116278,0.6036036036036037,64,3,22,22,0,5
22,2,phq9,5,PCA,XG,3,0.8131868131868132,0.6936936936936937,74,3,22,12,1,5
23,2,phq9,5,PCA,XG,4,0.839779005524862,0.7387387387387387,76,6,19,10,1,5
24,2,phq9,5,PCA,XG,1,0.7037037037037037,0.5675675675675675,57,6,19,29,1,6
25,2,phq9,5,PCA,XG,2,0.7529411764705882,0.6216216216216216,64,5,20,22,1,6
26,2,phq9,5,PCA,XG,3,0.788235294117647,0.6756756756756757,67,8,17,19,1,6
27,2,phq9,5,PCA,XG,4,0.7790697674418605,0.6576576576576577,67,6,19,19,1,6
28,2,phq9,5,PCA,XG,1,0.7636363636363637,0.6486486486486487,63,9,16,23,1,7
29,2,phq9,5,PCA,XG,2,0.788235294117647,0.6756756756756757,67,8,17,19,1,7
30,2,phq9,5,PCA,XG,3,0.7393939393939394,0.6126126126126126,61,7,18,25,1,7
31,2,phq9,5,PCA,XG,4,0.8117647058823529,0.7117117117117117,69,10,15,17,1,7
32,2,phq9,5,PCA,XG,1,0.7710843373493975,0.6576576576576577,64,9,16,22,1,8
33,2,phq9,5,PCA,XG,2,0.7810650887573964,0.6666666666666666,66,8,17,20,1,8
34,2,phq9,5,PCA,XG,3,0.8092485549132948,0.7027027027027027,70,8,17,16,1,8
35,2,phq9,5,PCA,XG,4,0.7630057803468209,0.6306306306306306,66,4,21,20,1,8
36,2,phq9,5,PCA,XG,1,0.7573964497041421,0.6306306306306306,64,6,19,22,1,9
37,2,phq9,5,PCA,XG,2,0.7602339181286549,0.6306306306306306,65,5,20,21,1,9
38,2,phq9,5,PCA,XG,3,0.7529411764705882,0.6216216216216216,64,5,20,22,1,9
39,2,phq9,5,PCA,XG,4,0.761904761904762,0.6396396396396397,64,7,18,22,1,9
40,2,phq9,5,PCA,XG,1,0.7664670658682634,0.6486486486486487,64,8,17,22,1,10
41,2,phq9,5,PCA,XG,2,0.7745664739884394,0.6486486486486487,67,5,20,19,1,10
42,2,phq9,5,PCA,XG,3,0.7664670658682634,0.6486486486486487,64,8,17,22,1,10
43,2,phq9,5,PCA,XG,4,0.7560975609756098,0.6396396396396397,62,9,16,24,1,10
44,2,phq9,5,PCA,XG,1,0.7573964497041421,0.6306306306306306,64,6,19,22,1,11
45,2,phq9,5,PCA,XG,2,0.797752808988764,0.6756756756756757,71,4,21,15,1,11
46,2,phq9,5,PCA,XG,3,0.75,0.6216216216216216,63,6,19,23,1,11
47,2,phq9,5,PCA,XG,4,0.7790697674418605,0.6576576576576577,67,6,19,19,1,11
48,2,phq9,5,PCA,XG,1,0.7204968944099379,0.5945945945945946,58,8,17,28,1,12
49,2,phq9,5,PCA,XG,2,0.7283950617283951,0.6036036036036037,59,8,17,27,1,12
50,2,phq9,5,PCA,XG,3,0.7407407407407408,0.6216216216216216,60,9,16,26,1,12
51,2,phq9,5,PCA,XG,4,0.7885714285714286,0.6666666666666666,69,5,20,17,1,12
52,2,phq9,5,PCA,XG,1,0.7790697674418605,0.6576576576576577,67,6,19,19,1,13
53,2,phq9,5,PCA,XG,2,0.8187134502923977,0.7207207207207207,70,10,15,16,1,13
54,2,phq9,5,PCA,XG,3,0.7954545454545455,0.6756756756756757,70,5,20,16,1,13
55,2,phq9,5,PCA,XG,4,0.8023255813953488,0.6936936936936937,69,8,17,17,1,13
56,2,phq9,5,PCA,XG,1,0.8135593220338984,0.7027027027027027,72,6,19,14,0,14
57,2,phq9,5,PCA,XG,2,0.8461538461538463,0.7477477477477478,77,6,19,9,0,14
58,2,phq9,5,PCA,XG,3,0.8066298342541436,0.6846846846846847,73,3,22,13,1,14
59,2,phq9,5,PCA,XG,4,0.8306010928961748,0.7207207207207207,76,4,21,10,1,14
60,2,phq9,5,PCA,XG,1,0.7544910179640719,0.6306306306306306,63,7,18,23,0,15
61,2,phq9,5,PCA,XG,2,0.8023255813953488,0.6936936936936937,69,8,17,17,0,15
62,2,phq9,5,PCA,XG,3,0.8,0.6936936936936937,68,9,16,18,1,15
63,2,phq9,5,PCA,XG,4,0.7953216374269007,0.6846846846846847,68,8,17,18,1,15
64,2,phq9,5,PCA,XG,1,0.7865168539325844,0.6576576576576577,70,3,22,16,1,16
65,2,phq9,5,PCA,XG,2,0.7978142076502732,0.6666666666666666,73,1,24,13,1,16
66,2,phq9,5,PCA,XG,3,0.7709497206703911,0.6306306306306306,69,1,24,17,1,16
67,2,phq9,5,PCA,XG,4,0.7888888888888889,0.6576576576576577,71,2,23,15,1,16
68,2,phq9,5,PCA,XG,1,0.7710843373493975,0.6576576576576577,64,9,16,22,1,17
69,2,phq9,5,PCA,XG,2,0.7393939393939394,0.6126126126126126,61,7,18,25,1,17
70,2,phq9,5,PCA,XG,3,0.7719298245614037,0.6486486486486487,66,6,19,20,1,17
71,2,phq9,5,PCA,XG,4,0.7840909090909092,0.6576576576576577,69,4,21,17,1,17
72,2,phq9,5,PCA,XG,1,0.7515151515151515,0.6306306306306306,62,8,17,24,1,18
73,2,phq9,5,PCA,XG,2,0.7701149425287357,0.6396396396396397,67,4,21,19,0,18
74,2,phq9,5,PCA,XG,3,0.802197802197802,0.6756756756756757,73,2,23,13,1,18
75,2,phq9,5,PCA,XG,4,0.8131868131868132,0.6936936936936937,74,3,22,12,0,18
76,2,phq9,5,PCA,XG,1,0.7976878612716762,0.6846846846846847,69,7,18,17,1,19
77,2,phq9,5,PCA,XG,2,0.7764705882352941,0.6576576576576577,66,7,18,20,1,19
78,2,phq9,5,PCA,XG,3,0.7692307692307692,0.6486486486486487,65,7,18,21,0,19
79,2,phq9,5,PCA,XG,4,0.8248587570621468,0.7207207207207207,73,7,18,13,1,19
80,2,phq9,5,PCA,XG,1,0.7361963190184049,0.6126126126126126,60,8,17,26,0,20
81,2,phq9,5,PCA,XG,2,0.7674418604651162,0.6396396396396397,66,5,20,20,1,20
82,2,phq9,5,PCA,XG,3,0.7185628742514969,0.5765765765765766,60,4,21,26,0,20
83,2,phq9,5,PCA,XG,4,0.7674418604651162,0.6396396396396397,66,5,20,20,0,20
84,2,phq9,5,PCA,XG,1,0.7764705882352941,0.6576576576576577,66,7,18,20,1,21
85,2,phq9,5,PCA,XG,2,0.8023255813953488,0.6936936936936937,69,8,17,17,1,21
86,2,phq9,5,PCA,XG,3,0.8323699421965317,0.7387387387387387,72,10,15,14,1,21
87,2,phq9,5,PCA,XG,4,0.8047337278106508,0.7027027027027027,68,10,15,18,1,21
88,2,phq9,5,PCA,XG,1,0.8022598870056498,0.6846846846846847,71,5,20,15,0,22
89,2,phq9,5,PCA,XG,2,0.8111111111111111,0.6936936936936937,73,4,21,13,1,22
90,2,phq9,5,PCA,XG,3,0.8111111111111111,0.6936936936936937,73,4,21,13,1,22
91,2,phq9,5,PCA,XG,4,0.7954545454545455,0.6756756756756757,70,5,20,16,1,22
92,2,phq9,5,PCA,XG,1,0.7682926829268293,0.6576576576576577,63,10,15,23,1,23
93,2,phq9,5,PCA,XG,2,0.8426966292134831,0.7477477477477478,75,8,17,11,1,23
94,2,phq9,5,PCA,XG,3,0.8248587570621468,0.7207207207207207,73,7,18,13,1,23
95,2,phq9,5,PCA,XG,4,0.7771428571428571,0.6486486486486487,68,4,21,18,1,23
96,2,phq9,5,PCA,XG,1,0.7407407407407408,0.6216216216216216,60,9,16,26,0,24
97,2,phq9,5,PCA,XG,2,0.7692307692307692,0.6486486486486487,65,7,18,21,1,24
98,2,phq9,5,PCA,XG,3,0.7573964497041421,0.6306306306306306,64,6,19,22,1,24
99,2,phq9,5,PCA,XG,4,0.8,0.6846846846846847,70,6,19,16,1,24
100,2,phq9,5,PCA,XG,1,0.7239263803680982,0.5945945945945946,59,7,18,27,1,25
101,2,phq9,5,PCA,XG,2,0.7836257309941521,0.6666666666666666,67,7,18,19,1,25
102,2,phq9,5,PCA,XG,3,0.7441860465116278,0.6036036036036037,64,3,22,22,1,25
103,2,phq9,5,PCA,XG,4,0.7613636363636365,0.6216216216216216,67,2,23,19,1,25
104,2,phq9,5,PCA,XG,1,0.7272727272727273,0.5945945945945946,60,6,19,26,1,26
105,2,phq9,5,PCA,XG,2,0.7544910179640719,0.6306306306306306,63,7,18,23,1,26
106,2,phq9,5,PCA,XG,3,0.7261904761904763,0.5855855855855856,61,4,21,25,1,26
107,2,phq9,5,PCA,XG,4,0.7771428571428571,0.6486486486486487,68,4,21,18,1,26
108,2,phq9,5,PCA,XG,1,0.7349397590361445,0.6036036036036037,61,6,19,25,1,27
109,2,phq9,5,PCA,XG,2,0.7407407407407408,0.6216216216216216,60,9,16,26,0,27
110,2,phq9,5,PCA,XG,3,0.7228915662650603,0.5855855855855856,60,5,20,26,1,27
111,2,phq9,5,PCA,XG,4,0.7455621301775147,0.6126126126126126,63,5,20,23,1,27
112,2,phq9,5,PCA,XG,1,0.7484662576687118,0.6306306306306306,61,9,16,25,0,28
113,2,phq9,5,PCA,XG,2,0.7674418604651162,0.6396396396396397,66,5,20,20,1,28
114,2,phq9,5,PCA,XG,3,0.7909604519774011,0.6666666666666666,70,4,21,16,1,28
115,2,phq9,5,PCA,XG,4,0.7885714285714286,0.6666666666666666,69,5,20,17,1,28
116,2,phq9,5,PCA,XG,1,0.7455621301775147,0.6126126126126126,63,5,20,23,1,29
117,2,phq9,5,PCA,XG,2,0.6951219512195121,0.5495495495495496,57,4,21,29,1,29
118,2,phq9,5,PCA,XG,3,0.7380952380952381,0.6036036036036037,62,5,20,24,1,29
119,2,phq9,5,PCA,XG,4,0.7790697674418605,0.6576576576576577,67,6,19,19,1,29
120,2,phq9,5,PCA,XG,1,0.7745664739884394,0.6486486486486487,67,5,20,19,1,30
121,2,phq9,5,PCA,XG,2,0.7840909090909092,0.6576576576576577,69,4,21,17,1,30
122,2,phq9,5,PCA,XG,3,0.7701149425287357,0.6396396396396397,67,4,21,19,1,30
123,2,phq9,5,PCA,XG,4,0.8068181818181818,0.6936936936936937,71,6,19,15,1,30
124,2,phq9,5,PCA,XG,1,0.7393939393939394,0.6126126126126126,61,7,18,25,1,31
125,2,phq9,5,PCA,XG,2,0.7710843373493975,0.6576576576576577,64,9,16,22,1,31
126,2,phq9,5,PCA,XG,3,0.7904191616766467,0.6846846846846847,66,10,15,20,1,31
127,2,phq9,5,PCA,XG,4,0.7865168539325844,0.6576576576576577,70,3,22,16,1,31
128,2,phq9,5,PCA,XG,1,0.6797385620915033,0.5585585585585585,52,10,15,34,1,32
129,2,phq9,5,PCA,XG,2,0.7757575757575758,0.6666666666666666,64,10,15,22,1,32
130,2,phq9,5,PCA,XG,3,0.7757575757575758,0.6666666666666666,64,10,15,22,1,32
131,2,phq9,5,PCA,XG,4,0.8092485549132948,0.7027027027027027,70,8,17,16,1,32
132,2,phq9,5,PCA,XG,1,0.7375,0.6216216216216216,59,10,15,27,1,33
133,2,phq9,5,PCA,XG,2,0.7195121951219512,0.5855855855855856,59,6,19,27,1,33
134,2,phq9,5,PCA,XG,3,0.7272727272727273,0.5945945945945946,60,6,19,26,1,33
135,2,phq9,5,PCA,XG,4,0.7455621301775147,0.6126126126126126,63,5,20,23,1,33
136,2,phq9,5,PCA,XG,1,0.7953216374269007,0.6846846846846847,68,8,17,18,1,34
137,2,phq9,5,PCA,XG,2,0.7857142857142858,0.6756756756756757,66,9,16,20,1,34
138,2,phq9,5,PCA,XG,3,0.8342857142857142,0.7387387387387387,73,9,16,13,0,34
139,2,phq9,5,PCA,XG,4,0.8426966292134831,0.7477477477477478,75,8,17,11,0,34
140,2,phq9,5,PCA,XG,1,0.7926829268292682,0.6936936936936937,65,12,13,21,1,35
141,2,phq9,5,PCA,XG,2,0.8,0.6846846846846847,70,6,19,16,1,35
142,2,phq9,5,PCA,XG,3,0.8023255813953488,0.6936936936936937,69,8,17,17,1,35
143,2,phq9,5,PCA,XG,4,0.8139534883720931,0.7117117117117117,70,9,16,16,1,35
144,2,phq9,5,PCA,XG,1,0.7151515151515152,0.5765765765765766,59,5,20,27,1,36
145,2,phq9,5,PCA,XG,2,0.7544910179640719,0.6306306306306306,63,7,18,23,1,36
146,2,phq9,5,PCA,XG,3,0.7529411764705882,0.6216216216216216,64,5,20,22,1,36
147,2,phq9,5,PCA,XG,4,0.7840909090909092,0.6576576576576577,69,4,21,17,1,36
148,2,phq9,5,PCA,XG,1,0.7317073170731708,0.6036036036036037,60,7,18,26,1,37
149,2,phq9,5,PCA,XG,2,0.736842105263158,0.5945945945945946,63,3,22,23,1,37
150,2,phq9,5,PCA,XG,3,0.7261904761904763,0.5855855855855856,61,4,21,25,1,37
151,2,phq9,5,PCA,XG,4,0.7586206896551724,0.6216216216216216,66,3,22,20,1,37
152,2,phq9,5,PCA,XG,1,0.8070175438596492,0.7027027027027027,69,9,16,17,1,38
153,2,phq9,5,PCA,XG,2,0.7745664739884394,0.6486486486486487,67,5,20,19,1,38
154,2,phq9,5,PCA,XG,3,0.761904761904762,0.6396396396396397,64,7,18,22,1,38
155,2,phq9,5,PCA,XG,4,0.7790697674418605,0.6576576576576577,67,6,19,19,1,38
156,2,phq9,5,PCA,XG,1,0.7701149425287357,0.6396396396396397,67,4,21,19,1,39
157,2,phq9,5,PCA,XG,2,0.7613636363636365,0.6216216216216216,67,2,23,19,1,39
158,2,phq9,5,PCA,XG,3,0.7771428571428571,0.6486486486486487,68,4,21,18,1,39
159,2,phq9,5,PCA,XG,4,0.797752808988764,0.6756756756756757,71,4,21,15,1,39
160,2,phq9,5,PCA,XG,1,0.7435897435897435,0.6396396396396397,58,13,12,28,1,40
161,2,phq9,5,PCA,XG,2,0.7573964497041421,0.6306306306306306,64,6,19,22,1,40
162,2,phq9,5,PCA,XG,3,0.8047337278106508,0.7027027027027027,68,10,15,18,1,40
163,2,phq9,5,PCA,XG,4,0.7976878612716762,0.6846846846846847,69,7,18,17,1,40
164,2,phq9,5,PCA,XG,1,0.7764705882352941,0.6576576576576577,66,7,18,20,0,41
165,2,phq9,5,PCA,XG,2,0.7931034482758621,0.6756756756756757,69,6,19,17,1,41
166,2,phq9,5,PCA,XG,3,0.8248587570621468,0.7207207207207207,73,7,18,13,1,41
167,2,phq9,5,PCA,XG,4,0.8070175438596492,0.7027027027027027,69,9,16,17,1,41
168,2,phq9,5,PCA,XG,1,0.7784431137724551,0.6666666666666666,65,9,16,21,1,42
169,2,phq9,5,PCA,XG,2,0.7784431137724551,0.6666666666666666,65,9,16,21,1,42
170,2,phq9,5,PCA,XG,3,0.7636363636363637,0.6486486486486487,63,9,16,23,1,42
171,2,phq9,5,PCA,XG,4,0.8092485549132948,0.7027027027027027,70,8,17,16,1,42
172,2,phq9,5,PCA,XG,1,0.761904761904762,0.6396396396396397,64,7,18,22,1,43
173,2,phq9,5,PCA,XG,2,0.782122905027933,0.6486486486486487,70,2,23,16,1,43
174,2,phq9,5,PCA,XG,3,0.8066298342541436,0.6846846846846847,73,3,22,13,1,43
175,2,phq9,5,PCA,XG,4,0.782122905027933,0.6486486486486487,70,2,23,16,0,43
176,2,phq9,5,PCA,XG,1,0.732919254658385,0.6126126126126126,59,9,16,27,1,44
177,2,phq9,5,PCA,XG,2,0.7337278106508875,0.5945945945945946,62,4,21,24,1,44
178,2,phq9,5,PCA,XG,3,0.75,0.6216216216216216,63,6,19,23,1,44
179,2,phq9,5,PCA,XG,4,0.7151515151515152,0.5765765765765766,59,5,20,27,1,44
180,2,phq9,5,PCA,XG,1,0.7142857142857143,0.6036036036036037,55,12,13,31,1,45
181,2,phq9,5,PCA,XG,2,0.7375,0.6216216216216216,59,10,15,27,1,45
182,2,phq9,5,PCA,XG,3,0.7573964497041421,0.6306306306306306,64,6,19,22,1,45
183,2,phq9,5,PCA,XG,4,0.7764705882352941,0.6576576576576577,66,7,18,20,1,45
184,2,phq9,5,PCA,XG,1,0.7425149700598802,0.6126126126126126,62,6,19,24,1,46
185,2,phq9,5,PCA,XG,2,0.7719298245614037,0.6486486486486487,66,6,19,20,1,46
186,2,phq9,5,PCA,XG,3,0.7573964497041421,0.6306306306306306,64,6,19,22,1,46
187,2,phq9,5,PCA,XG,4,0.7885714285714286,0.6666666666666666,69,5,20,17,1,46
188,2,phq9,5,PCA,XG,1,0.7529411764705882,0.6216216216216216,64,5,20,22,1,47
189,2,phq9,5,PCA,XG,2,0.7586206896551724,0.6216216216216216,66,3,22,20,1,47
190,2,phq9,5,PCA,XG,3,0.7657142857142858,0.6306306306306306,67,3,22,19,1,47
191,2,phq9,5,PCA,XG,4,0.7738095238095238,0.6576576576576577,65,8,17,21,1,47
192,2,phq9,5,PCA,XG,1,0.7692307692307692,0.6486486486486487,65,7,18,21,0,48
193,2,phq9,5,PCA,XG,2,0.7590361445783131,0.6396396396396397,63,8,17,23,1,48
194,2,phq9,5,PCA,XG,3,0.7976878612716762,0.6846846846846847,69,7,18,17,1,48
195,2,phq9,5,PCA,XG,4,0.8044692737430169,0.6846846846846847,72,4,21,14,0,48
196,2,phq9,5,PCA,XG,1,0.7044025157232704,0.5765765765765766,56,8,17,30,1,49
197,2,phq9,5,PCA,XG,2,0.7051282051282051,0.5855855855855856,55,10,15,31,1,49
198,2,phq9,5,PCA,XG,3,0.7272727272727273,0.5945945945945946,60,6,19,26,1,49
199,2,phq9,5,PCA,XG,4,0.788235294117647,0.6756756756756757,67,8,17,19,1,49
200,2,phq9,5,PCA,XG,1,0.7160493827160495,0.5855855855855856,58,7,18,28,1,50
201,2,phq9,5,PCA,XG,2,0.7840909090909092,0.6576576576576577,69,4,21,17,1,50
202,2,phq9,5,PCA,XG,3,0.7954545454545455,0.6756756756756757,70,5,20,16,1,50
203,2,phq9,5,PCA,XG,4,0.797752808988764,0.6756756756756757,71,4,21,15,1,50
204,2,phq9,5,PCA,XG,1,0.7317073170731708,0.6036036036036037,60,7,18,26,1,51
205,2,phq9,5,PCA,XG,2,0.7469879518072289,0.6216216216216216,62,7,18,24,1,51
206,2,phq9,5,PCA,XG,3,0.7515151515151515,0.6306306306306306,62,8,17,24,0,51
207,2,phq9,5,PCA,XG,4,0.8117647058823529,0.7117117117117117,69,10,15,17,1,51
208,2,phq9,5,PCA,XG,1,0.7317073170731708,0.6036036036036037,60,7,18,26,1,52
209,2,phq9,5,PCA,XG,2,0.7530864197530864,0.6396396396396397,61,10,15,25,1,52
210,2,phq9,5,PCA,XG,3,0.7710843373493975,0.6576576576576577,64,9,16,22,1,52
211,2,phq9,5,PCA,XG,4,0.7976878612716762,0.6846846846846847,69,7,18,17,1,52
212,2,phq9,5,PCA,XG,1,0.7836257309941521,0.6666666666666666,67,7,18,19,1,53
213,2,phq9,5,PCA,XG,2,0.7784431137724551,0.6666666666666666,65,9,16,21,1,53
214,2,phq9,5,PCA,XG,3,0.8208092485549133,0.7207207207207207,71,9,16,15,1,53
215,2,phq9,5,PCA,XG,4,0.822857142857143,0.7207207207207207,72,8,17,14,1,53
216,2,phq9,5,PCA,XG,1,0.7573964497041421,0.6306306306306306,64,6,19,22,1,54
217,2,phq9,5,PCA,XG,2,0.7349397590361445,0.6036036036036037,61,6,19,25,1,54
218,2,phq9,5,PCA,XG,3,0.7590361445783131,0.6396396396396397,63,8,17,23,1,54
219,2,phq9,5,PCA,XG,4,0.7836257309941521,0.6666666666666666,67,7,18,19,1,54
220,2,phq9,5,PCA,XG,1,0.7573964497041421,0.6306306306306306,64,6,19,22,1,55
221,2,phq9,5,PCA,XG,2,0.761904761904762,0.6396396396396397,64,7,18,22,1,55
222,2,phq9,5,PCA,XG,3,0.7573964497041421,0.6306306306306306,64,6,19,22,1,55
223,2,phq9,5,PCA,XG,4,0.7349397590361445,0.6036036036036037,61,6,19,25,1,55
224,2,phq9,5,PCA,XG,1,0.783132530120482,0.6756756756756757,65,10,15,21,1,56
225,2,phq9,5,PCA,XG,2,0.7239263803680982,0.5945945945945946,59,7,18,27,1,56
226,2,phq9,5,PCA,XG,3,0.7692307692307692,0.6486486486486487,65,7,18,21,1,56
227,2,phq9,5,PCA,XG,4,0.8022598870056498,0.6846846846846847,71,5,20,15,1,56
228,2,phq9,5,PCA,XG,1,0.7407407407407408,0.6216216216216216,60,9,16,26,1,57
229,2,phq9,5,PCA,XG,2,0.7953216374269007,0.6846846846846847,68,8,17,18,1,57
230,2,phq9,5,PCA,XG,3,0.7928994082840237,0.6846846846846847,67,9,16,19,1,57
231,2,phq9,5,PCA,XG,4,0.7529411764705882,0.6216216216216216,64,5,20,22,1,57
232,2,phq9,5,PCA,XG,1,0.761904761904762,0.6396396396396397,64,7,18,22,1,58
233,2,phq9,5,PCA,XG,2,0.7484662576687118,0.6306306306306306,61,9,16,25,1,58
234,2,phq9,5,PCA,XG,3,0.7455621301775147,0.6126126126126126,63,5,20,23,1,58
235,2,phq9,5,PCA,XG,4,0.7514450867052023,0.6126126126126126,65,3,22,21,1,58
236,2,phq9,5,PCA,XG,1,0.7272727272727273,0.5945945945945946,60,6,19,26,1,59
237,2,phq9,5,PCA,XG,2,0.7738095238095238,0.6576576576576577,65,8,17,21,1,59
238,2,phq9,5,PCA,XG,3,0.7790697674418605,0.6576576576576577,67,6,19,19,1,59
239,2,phq9,5,PCA,XG,4,0.7954545454545455,0.6756756756756757,70,5,20,16,1,59
240,2,phq9,5,PCA,XG,1,0.7317073170731708,0.6036036036036037,60,7,18,26,0,60
241,2,phq9,5,PCA,XG,2,0.7664670658682634,0.6486486486486487,64,8,17,22,0,60
242,2,phq9,5,PCA,XG,3,0.7904191616766467,0.6846846846846847,66,10,15,20,0,60
243,2,phq9,5,PCA,XG,4,0.7861271676300577,0.6666666666666666,68,6,19,18,0,60
244,2,phq9,5,PCA,XG,1,0.7544910179640719,0.6306306306306306,63,7,18,23,1,61
245,2,phq9,5,PCA,XG,2,0.7804878048780488,0.6756756756756757,64,11,14,22,1,61
246,2,phq9,5,PCA,XG,3,0.7857142857142858,0.6756756756756757,66,9,16,20,1,61
247,2,phq9,5,PCA,XG,4,0.7836257309941521,0.6666666666666666,67,7,18,19,1,61
248,2,phq9,5,PCA,XG,1,0.7272727272727273,0.5945945945945946,60,6,19,26,1,62
249,2,phq9,5,PCA,XG,2,0.7515151515151515,0.6306306306306306,62,8,17,24,1,62
250,2,phq9,5,PCA,XG,3,0.7647058823529412,0.6396396396396397,65,6,19,21,1,62
251,2,phq9,5,PCA,XG,4,0.788235294117647,0.6756756756756757,67,8,17,19,1,62
252,2,phq9,5,PCA,XG,1,0.7037037037037037,0.5675675675675675,57,6,19,29,1,63
253,2,phq9,5,PCA,XG,2,0.6496815286624205,0.5045045045045045,51,5,20,35,1,63
254,2,phq9,5,PCA,XG,3,0.6871165644171779,0.5405405405405406,56,4,21,30,1,63
255,2,phq9,5,PCA,XG,4,0.6871165644171779,0.5405405405405406,56,4,21,30,1,63
256,2,phq9,5,PCA,XG,1,0.7023809523809523,0.5495495495495496,59,2,23,27,1,64
257,2,phq9,5,PCA,XG,2,0.7283950617283951,0.6036036036036037,59,8,17,27,1,64
258,2,phq9,5,PCA,XG,3,0.7701149425287357,0.6396396396396397,67,4,21,19,1,64
259,2,phq9,5,PCA,XG,4,0.7906976744186046,0.6756756756756757,68,7,18,18,1,64
260,2,phq9,5,PCA,XG,1,0.7006369426751592,0.5765765765765766,55,9,16,31,1,65
261,2,phq9,5,PCA,XG,2,0.7361963190184049,0.6126126126126126,60,8,17,26,1,65
262,2,phq9,5,PCA,XG,3,0.75,0.6216216216216216,63,6,19,23,1,65
263,2,phq9,5,PCA,XG,4,0.7455621301775147,0.6126126126126126,63,5,20,23,1,65
264,2,phq9,5,PCA,XG,1,0.7647058823529412,0.6396396396396397,65,6,19,21,1,66
265,2,phq9,5,PCA,XG,2,0.7928994082840237,0.6846846846846847,67,9,16,19,1,66
266,2,phq9,5,PCA,XG,3,0.8160919540229885,0.7117117117117117,71,8,17,15,1,66
267,2,phq9,5,PCA,XG,4,0.8160919540229885,0.7117117117117117,71,8,17,15,1,66
268,2,phq9,5,PCA,XG,1,0.7657142857142858,0.6306306306306306,67,3,22,19,1,67
269,2,phq9,5,PCA,XG,2,0.8114285714285714,0.7027027027027027,71,7,18,15,1,67
270,2,phq9,5,PCA,XG,3,0.8222222222222222,0.7117117117117117,74,5,20,12,1,67
271,2,phq9,5,PCA,XG,4,0.7954545454545455,0.6756756756756757,70,5,20,16,1,67
272,2,phq9,5,PCA,XG,1,0.6883116883116882,0.5675675675675675,53,10,15,33,0,68
273,2,phq9,5,PCA,XG,2,0.7857142857142858,0.6756756756756757,66,9,16,20,1,68
274,2,phq9,5,PCA,XG,3,0.7810650887573964,0.6666666666666666,66,8,17,20,1,68
275,2,phq9,5,PCA,XG,4,0.7810650887573964,0.6666666666666666,66,8,17,20,1,68
276,2,phq9,5,PCA,XG,1,0.7142857142857143,0.6036036036036037,55,12,13,31,1,69
277,2,phq9,5,PCA,XG,2,0.7317073170731708,0.6036036036036037,60,7,18,26,1,69
278,2,phq9,5,PCA,XG,3,0.7425149700598802,0.6126126126126126,62,6,19,24,1,69
279,2,phq9,5,PCA,XG,4,0.7455621301775147,0.6126126126126126,63,5,20,23,1,69
280,2,phq9,5,PCA,XG,1,0.7195121951219512,0.5855855855855856,59,6,19,27,1,70
281,2,phq9,5,PCA,XG,2,0.7836257309941521,0.6666666666666666,67,7,18,19,1,70
282,2,phq9,5,PCA,XG,3,0.7976878612716762,0.6846846846846847,69,7,18,17,1,70
283,2,phq9,5,PCA,XG,4,0.7701149425287357,0.6396396396396397,67,4,21,19,1,70
284,2,phq9,5,PCA,XG,1,0.7425149700598802,0.6126126126126126,62,6,19,24,1,71
285,2,phq9,5,PCA,XG,2,0.7573964497041421,0.6306306306306306,64,6,19,22,1,71
286,2,phq9,5,PCA,XG,3,0.761904761904762,0.6396396396396397,64,7,18,22,1,71
287,2,phq9,5,PCA,XG,4,0.7411764705882353,0.6036036036036037,63,4,21,23,1,71
288,2,phq9,5,PCA,XG,1,0.6842105263157895,0.5675675675675675,52,11,14,34,1,72
289,2,phq9,5,PCA,XG,2,0.7954545454545455,0.6756756756756757,70,5,20,16,1,72
290,2,phq9,5,PCA,XG,3,0.7931034482758621,0.6756756756756757,69,6,19,17,1,72
291,2,phq9,5,PCA,XG,4,0.7906976744186046,0.6756756756756757,68,7,18,18,1,72
292,2,phq9,5,PCA,XG,1,0.7757575757575758,0.6666666666666666,64,10,15,22,0,73
293,2,phq9,5,PCA,XG,2,0.7976878612716762,0.6846846846846847,69,7,18,17,0,73
294,2,phq9,5,PCA,XG,3,0.8022598870056498,0.6846846846846847,71,5,20,15,1,73
295,2,phq9,5,PCA,XG,4,0.7796610169491525,0.6486486486486487,69,3,22,17,1,73
296,2,phq9,5,PCA,XG,1,0.7529411764705882,0.6216216216216216,64,5,20,22,1,74
297,2,phq9,5,PCA,XG,2,0.7692307692307692,0.6486486486486487,65,7,18,21,1,74
298,2,phq9,5,PCA,XG,3,0.7692307692307692,0.6486486486486487,65,7,18,21,1,74
299,2,phq9,5,PCA,XG,4,0.788235294117647,0.6756756756756757,67,8,17,19,1,74
300,2,phq9,5,PCA,XG,1,0.7636363636363637,0.6486486486486487,63,9,16,23,0,75
301,2,phq9,5,PCA,XG,2,0.8023255813953488,0.6936936936936937,69,8,17,17,1,75
302,2,phq9,5,PCA,XG,3,0.8023255813953488,0.6936936936936937,69,8,17,17,1,75
303,2,phq9,5,PCA,XG,4,0.8176795580110496,0.7027027027027027,74,4,21,12,1,75
304,2,phq9,5,PCA,XG,1,0.7602339181286549,0.6306306306306306,65,5,20,21,1,76
305,2,phq9,5,PCA,XG,2,0.7529411764705882,0.6216216216216216,64,5,20,22,1,76
306,2,phq9,5,PCA,XG,3,0.7674418604651162,0.6396396396396397,66,5,20,20,1,76
307,2,phq9,5,PCA,XG,4,0.7885714285714286,0.6666666666666666,69,5,20,17,1,76
308,2,phq9,5,PCA,XG,1,0.7836257309941521,0.6666666666666666,67,7,18,19,1,77
309,2,phq9,5,PCA,XG,2,0.7515151515151515,0.6306306306306306,62,8,17,24,1,77
310,2,phq9,5,PCA,XG,3,0.7928994082840237,0.6846846846846847,67,9,16,19,1,77
311,2,phq9,5,PCA,XG,4,0.8208092485549133,0.7207207207207207,71,9,16,15,1,77
312,2,phq9,5,PCA,XG,1,0.7000000000000001,0.5675675675675675,56,7,18,30,1,78
313,2,phq9,5,PCA,XG,2,0.7218934911242604,0.5765765765765766,61,3,22,25,1,78
314,2,phq9,5,PCA,XG,3,0.7931034482758621,0.6756756756756757,69,6,19,17,1,78
315,2,phq9,5,PCA,XG,4,0.7647058823529412,0.6396396396396397,65,6,19,21,1,78
316,2,phq9,5,PCA,XG,1,0.7485380116959064,0.6126126126126126,64,4,21,22,1,79
317,2,phq9,5,PCA,XG,2,0.7771428571428571,0.6486486486486487,68,4,21,18,1,79
318,2,phq9,5,PCA,XG,3,0.7840909090909092,0.6576576576576577,69,4,21,17,1,79
319,2,phq9,5,PCA,XG,4,0.8222222222222222,0.7117117117117117,74,5,20,12,1,79
320,2,phq9,5,PCA,XG,1,0.7185628742514969,0.5765765765765766,60,4,21,26,0,80
321,2,phq9,5,PCA,XG,2,0.7261904761904763,0.5855855855855856,61,4,21,25,0,80
322,2,phq9,5,PCA,XG,3,0.7745664739884394,0.6486486486486487,67,5,20,19,1,80
323,2,phq9,5,PCA,XG,4,0.8089887640449438,0.6936936936936937,72,5,20,14,1,80
324,2,phq9,5,PCA,XG,1,0.6835443037974683,0.5495495495495496,54,7,18,32,1,81
325,2,phq9,5,PCA,XG,2,0.7080745341614907,0.5765765765765766,57,7,18,29,1,81
326,2,phq9,5,PCA,XG,3,0.7664670658682634,0.6486486486486487,64,8,17,22,1,81
327,2,phq9,5,PCA,XG,4,0.7861271676300577,0.6666666666666666,68,6,19,18,1,81
328,2,phq9,5,PCA,XG,1,0.7349397590361445,0.6036036036036037,61,6,19,25,1,82
329,2,phq9,5,PCA,XG,2,0.7909604519774011,0.6666666666666666,70,4,21,16,1,82
330,2,phq9,5,PCA,XG,3,0.8022598870056498,0.6846846846846847,71,5,20,15,1,82
331,2,phq9,5,PCA,XG,4,0.8089887640449438,0.6936936936936937,72,5,20,14,1,82
332,2,phq9,5,PCA,XG,1,0.7590361445783131,0.6396396396396397,63,8,17,23,1,83
333,2,phq9,5,PCA,XG,2,0.7674418604651162,0.6396396396396397,66,5,20,20,1,83
334,2,phq9,5,PCA,XG,3,0.7602339181286549,0.6306306306306306,65,5,20,21,1,83
335,2,phq9,5,PCA,XG,4,0.797752808988764,0.6756756756756757,71,4,21,15,1,83
336,2,phq9,5,PCA,XG,1,0.7745664739884394,0.6486486486486487,67,5,20,19,1,84
337,2,phq9,5,PCA,XG,2,0.7657142857142858,0.6306306306306306,67,3,22,19,1,84
338,2,phq9,5,PCA,XG,3,0.7529411764705882,0.6216216216216216,64,5,20,22,1,84
339,2,phq9,5,PCA,XG,4,0.7455621301775147,0.6126126126126126,63,5,20,23,1,84
340,2,phq9,5,PCA,XG,1,0.7124999999999999,0.5855855855855856,57,8,17,29,1,85
341,2,phq9,5,PCA,XG,2,0.7861271676300577,0.6666666666666666,68,6,19,18,1,85
342,2,phq9,5,PCA,XG,3,0.8202247191011235,0.7117117117117117,73,6,19,13,1,85
343,2,phq9,5,PCA,XG,4,0.7796610169491525,0.6486486486486487,69,3,22,17,1,85
344,2,phq9,5,PCA,XG,1,0.797752808988764,0.6756756756756757,71,4,21,15,1,86
345,2,phq9,5,PCA,XG,2,0.7865168539325844,0.6576576576576577,70,3,22,16,1,86
346,2,phq9,5,PCA,XG,3,0.7865168539325844,0.6576576576576577,70,3,22,16,0,86
347,2,phq9,5,PCA,XG,4,0.755813953488372,0.6216216216216216,65,4,21,21,1,86
348,2,phq9,5,PCA,XG,1,0.7468354430379746,0.6396396396396397,59,12,13,27,1,87
349,2,phq9,5,PCA,XG,2,0.6790123456790124,0.5315315315315315,55,4,21,31,0,87
350,2,phq9,5,PCA,XG,3,0.7529411764705882,0.6216216216216216,64,5,20,22,1,87
351,2,phq9,5,PCA,XG,4,0.7976878612716762,0.6846846846846847,69,7,18,17,1,87
352,2,phq9,5,PCA,XG,1,0.7239263803680982,0.5945945945945946,59,7,18,27,0,88
353,2,phq9,5,PCA,XG,2,0.8022598870056498,0.6846846846846847,71,5,20,15,1,88
354,2,phq9,5,PCA,XG,3,0.7954545454545455,0.6756756756756757,70,5,20,16,1,88
355,2,phq9,5,PCA,XG,4,0.819672131147541,0.7027027027027027,75,3,22,11,1,88
356,2,phq9,5,PCA,XG,1,0.783132530120482,0.6756756756756757,65,10,15,21,1,89
357,2,phq9,5,PCA,XG,2,0.7361963190184049,0.6126126126126126,60,8,17,26,1,89
358,2,phq9,5,PCA,XG,3,0.7745664739884394,0.6486486486486487,67,5,20,19,1,89
359,2,phq9,5,PCA,XG,4,0.7816091954022988,0.6576576576576577,68,5,20,18,1,89
360,2,phq9,5,PCA,XG,1,0.7976878612716762,0.6846846846846847,69,7,18,17,0,90
361,2,phq9,5,PCA,XG,2,0.8,0.6846846846846847,70,6,19,16,0,90
362,2,phq9,5,PCA,XG,3,0.8202247191011235,0.7117117117117117,73,6,19,13,0,90
363,2,phq9,5,PCA,XG,4,0.8044692737430169,0.6846846846846847,72,4,21,14,0,90
364,2,phq9,5,PCA,XG,1,0.7719298245614037,0.6486486486486487,66,6,19,20,1,91
365,2,phq9,5,PCA,XG,2,0.7840909090909092,0.6576576576576577,69,4,21,17,1,91
366,2,phq9,5,PCA,XG,3,0.7909604519774011,0.6666666666666666,70,4,21,16,1,91
367,2,phq9,5,PCA,XG,4,0.8461538461538463,0.7477477477477478,77,6,19,9,1,91
368,2,phq9,5,PCA,XG,1,0.7745664739884394,0.6486486486486487,67,5,20,19,1,92
369,2,phq9,5,PCA,XG,2,0.7469879518072289,0.6216216216216216,62,7,18,24,1,92
370,2,phq9,5,PCA,XG,3,0.7745664739884394,0.6486486486486487,67,5,20,19,1,92
371,2,phq9,5,PCA,XG,4,0.7529411764705882,0.6216216216216216,64,5,20,22,1,92
372,2,phq9,5,PCA,XG,1,0.7515151515151515,0.6306306306306306,62,8,17,24,1,93
373,2,phq9,5,PCA,XG,2,0.7931034482758621,0.6756756756756757,69,6,19,17,1,93
374,2,phq9,5,PCA,XG,3,0.8156424581005587,0.7027027027027027,73,5,20,13,1,93
375,2,phq9,5,PCA,XG,4,0.8202247191011235,0.7117117117117117,73,6,19,13,1,93
376,2,phq9,5,PCA,XG,1,0.7857142857142858,0.6756756756756757,66,9,16,20,1,94
377,2,phq9,5,PCA,XG,2,0.7407407407407408,0.6216216216216216,60,9,16,26,0,94
378,2,phq9,5,PCA,XG,3,0.7560975609756098,0.6396396396396397,62,9,16,24,0,94
379,2,phq9,5,PCA,XG,4,0.8160919540229885,0.7117117117117117,71,8,17,15,1,94
380,2,phq9,5,PCA,XG,1,0.7425149700598802,0.6126126126126126,62,6,19,24,1,95
381,2,phq9,5,PCA,XG,2,0.6918238993710691,0.5585585585585585,55,7,18,31,0,95
382,2,phq9,5,PCA,XG,3,0.761904761904762,0.6396396396396397,64,7,18,22,0,95
383,2,phq9,5,PCA,XG,4,0.7816091954022988,0.6576576576576577,68,5,20,18,0,95
384,2,phq9,5,PCA,XG,1,0.8152173913043479,0.6936936936936937,75,2,23,11,0,96
385,2,phq9,5,PCA,XG,2,0.8156424581005587,0.7027027027027027,73,5,20,13,1,96
386,2,phq9,5,PCA,XG,3,0.7912087912087912,0.6576576576576577,72,1,24,14,1,96
387,2,phq9,5,PCA,XG,4,0.819672131147541,0.7027027027027027,75,3,22,11,1,96
388,2,phq9,5,PCA,XG,1,0.8066298342541436,0.6846846846846847,73,3,22,13,1,97
389,2,phq9,5,PCA,XG,2,0.8089887640449438,0.6936936936936937,72,5,20,14,1,97
390,2,phq9,5,PCA,XG,3,0.802197802197802,0.6756756756756757,73,2,23,13,1,97
391,2,phq9,5,PCA,XG,4,0.797752808988764,0.6756756756756757,71,4,21,15,1,97
392,2,phq9,5,PCA,XG,1,0.7514450867052023,0.6126126126126126,65,3,22,21,0,98
393,2,phq9,5,PCA,XG,2,0.8068181818181818,0.6936936936936937,71,6,19,15,0,98
394,2,phq9,5,PCA,XG,3,0.8044692737430169,0.6846846846846847,72,4,21,14,1,98
395,2,phq9,5,PCA,XG,4,0.7701149425287357,0.6396396396396397,67,4,21,19,1,98
396,2,phq9,5,PCA,XG,1,0.7124999999999999,0.5855855855855856,57,8,17,29,1,99
397,2,phq9,5,PCA,XG,2,0.7337278106508875,0.5945945945945946,62,4,21,24,1,99
398,2,phq9,5,PCA,XG,3,0.797752808988764,0.6756756756756757,71,4,21,15,1,99
399,2,phq9,5,PCA,XG,4,0.8111111111111111,0.6936936936936937,73,4,21,13,1,99
